variant,encoder_seed,student_block,teacher_feature,images,spatial_observations,centered_linear_cka,scientific_result
lg,2,0,resnet50_layer3,600,117600,0.2251346978067356,True
lg,2,1,resnet50_layer3,600,117600,0.2442952244908184,True
lg,2,2,resnet50_layer3,600,117600,0.29456979423055246,True
lg,2,3,resnet50_layer3,600,117600,0.323569388885962,True
lg,2,4,resnet50_layer3,600,117600,0.3227602590180436,True
lg,2,5,resnet50_layer3,600,117600,0.4006728215692972,True
lg,2,6,resnet50_layer3,600,117600,0.4613581691072793,True
lg,2,7,resnet50_layer3,600,117600,0.4513356403321758,True
lg,2,8,resnet50_layer3,600,117600,0.44453263153864236,True
lg,2,9,resnet50_layer3,600,117600,0.44056931028171775,True
lg,2,10,resnet50_layer3,600,117600,0.4363354672906705,True
lg,2,11,resnet50_layer3,600,117600,0.4335542944734917,True
alg_warmup20,2,0,resnet50_layer3,600,117600,0.21182888934996222,True
alg_warmup20,2,1,resnet50_layer3,600,117600,0.22977581171725925,True
alg_warmup20,2,2,resnet50_layer3,600,117600,0.3008757783407477,True
alg_warmup20,2,3,resnet50_layer3,600,117600,0.3292664754742668,True
alg_warmup20,2,4,resnet50_layer3,600,117600,0.34151958047357317,True
alg_warmup20,2,5,resnet50_layer3,600,117600,0.3701241369990094,True
alg_warmup20,2,6,resnet50_layer3,600,117600,0.391911187240382,True
alg_warmup20,2,7,resnet50_layer3,600,117600,0.38262471814917787,True
alg_warmup20,2,8,resnet50_layer3,600,117600,0.36905779491217217,True
alg_warmup20,2,9,resnet50_layer3,600,117600,0.36124244311505355,True
alg_warmup20,2,10,resnet50_layer3,600,117600,0.3567559913072929,True
alg_warmup20,2,11,resnet50_layer3,600,117600,0.34772504795445075,True
ibkd_lambda_0.25,2,0,resnet50_layer3,600,117600,0.1451716507626309,True
ibkd_lambda_0.25,2,1,resnet50_layer3,600,117600,0.1939349755367323,True
ibkd_lambda_0.25,2,2,resnet50_layer3,600,117600,0.20760870163725895,True
ibkd_lambda_0.25,2,3,resnet50_layer3,600,117600,0.21177264278719077,True
ibkd_lambda_0.25,2,4,resnet50_layer3,600,117600,0.22600261737918545,True
ibkd_lambda_0.25,2,5,resnet50_layer3,600,117600,0.2463748006157563,True
ibkd_lambda_0.25,2,6,resnet50_layer3,600,117600,0.26746838239106985,True
ibkd_lambda_0.25,2,7,resnet50_layer3,600,117600,0.29213596622122184,True
ibkd_lambda_0.25,2,8,resnet50_layer3,600,117600,0.31199519764509004,True
ibkd_lambda_0.25,2,9,resnet50_layer3,600,117600,0.32356483919203655,True
ibkd_lambda_0.25,2,10,resnet50_layer3,600,117600,0.3070525468141793,True
ibkd_lambda_0.25,2,11,resnet50_layer3,600,117600,0.30376840656841136,True
ibkd_lambda_0.5,2,0,resnet50_layer3,600,117600,0.1618738162756144,True
ibkd_lambda_0.5,2,1,resnet50_layer3,600,117600,0.18321996262343876,True
ibkd_lambda_0.5,2,2,resnet50_layer3,600,117600,0.2003096413019138,True
ibkd_lambda_0.5,2,3,resnet50_layer3,600,117600,0.2089007058735255,True
ibkd_lambda_0.5,2,4,resnet50_layer3,600,117600,0.21594420813238555,True
ibkd_lambda_0.5,2,5,resnet50_layer3,600,117600,0.22153982045363932,True
ibkd_lambda_0.5,2,6,resnet50_layer3,600,117600,0.22733337666321235,True
ibkd_lambda_0.5,2,7,resnet50_layer3,600,117600,0.22519604160960724,True
ibkd_lambda_0.5,2,8,resnet50_layer3,600,117600,0.22955349003427958,True
ibkd_lambda_0.5,2,9,resnet50_layer3,600,117600,0.23226223464867446,True
ibkd_lambda_0.5,2,10,resnet50_layer3,600,117600,0.23445705551702578,True
ibkd_lambda_0.5,2,11,resnet50_layer3,600,117600,0.23616878124479565,True
lg,3,0,resnet50_layer3,600,117600,0.11113528316263889,True
lg,3,1,resnet50_layer3,600,117600,0.18139130455655442,True
lg,3,2,resnet50_layer3,600,117600,0.23304357801633188,True
lg,3,3,resnet50_layer3,600,117600,0.27090158202333964,True
lg,3,4,resnet50_layer3,600,117600,0.3272519783846959,True
lg,3,5,resnet50_layer3,600,117600,0.38384436332787214,True
lg,3,6,resnet50_layer3,600,117600,0.4291504492101985,True
lg,3,7,resnet50_layer3,600,117600,0.42016651831516033,True
lg,3,8,resnet50_layer3,600,117600,0.4154356756192924,True
lg,3,9,resnet50_layer3,600,117600,0.41194240453279324,True
lg,3,10,resnet50_layer3,600,117600,0.4142640752880598,True
lg,3,11,resnet50_layer3,600,117600,0.40988783884136953,True
alg_warmup20,3,0,resnet50_layer3,600,117600,0.11214475756367134,True
alg_warmup20,3,1,resnet50_layer3,600,117600,0.13091951894256806,True
alg_warmup20,3,2,resnet50_layer3,600,117600,0.1961850926590426,True
alg_warmup20,3,3,resnet50_layer3,600,117600,0.22666088690774597,True
alg_warmup20,3,4,resnet50_layer3,600,117600,0.2844302056618343,True
alg_warmup20,3,5,resnet50_layer3,600,117600,0.3452261992065042,True
alg_warmup20,3,6,resnet50_layer3,600,117600,0.3928163046866056,True
alg_warmup20,3,7,resnet50_layer3,600,117600,0.38211122599113967,True
alg_warmup20,3,8,resnet50_layer3,600,117600,0.37644070657074846,True
alg_warmup20,3,9,resnet50_layer3,600,117600,0.37722849609828923,True
alg_warmup20,3,10,resnet50_layer3,600,117600,0.38165723221048,True
alg_warmup20,3,11,resnet50_layer3,600,117600,0.380379897157402,True
ibkd_lambda_0.25,3,0,resnet50_layer3,600,117600,0.14776393888461856,True
ibkd_lambda_0.25,3,1,resnet50_layer3,600,117600,0.16902340966732746,True
ibkd_lambda_0.25,3,2,resnet50_layer3,600,117600,0.1731843207506757,True
ibkd_lambda_0.25,3,3,resnet50_layer3,600,117600,0.21470427232411649,True
ibkd_lambda_0.25,3,4,resnet50_layer3,600,117600,0.23354513908480246,True
ibkd_lambda_0.25,3,5,resnet50_layer3,600,117600,0.2686521083531597,True
ibkd_lambda_0.25,3,6,resnet50_layer3,600,117600,0.28656050719128545,True
ibkd_lambda_0.25,3,7,resnet50_layer3,600,117600,0.306779168891771,True
ibkd_lambda_0.25,3,8,resnet50_layer3,600,117600,0.3173331523235523,True
ibkd_lambda_0.25,3,9,resnet50_layer3,600,117600,0.32190417136524996,True
ibkd_lambda_0.25,3,10,resnet50_layer3,600,117600,0.319591311443843,True
ibkd_lambda_0.25,3,11,resnet50_layer3,600,117600,0.31746346455551416,True
ibkd_lambda_0.5,3,0,resnet50_layer3,600,117600,0.14409775455904014,True
ibkd_lambda_0.5,3,1,resnet50_layer3,600,117600,0.16342145213526435,True
ibkd_lambda_0.5,3,2,resnet50_layer3,600,117600,0.1631197168430413,True
ibkd_lambda_0.5,3,3,resnet50_layer3,600,117600,0.17151209212050164,True
ibkd_lambda_0.5,3,4,resnet50_layer3,600,117600,0.17586644759629846,True
ibkd_lambda_0.5,3,5,resnet50_layer3,600,117600,0.1771369451224623,True
ibkd_lambda_0.5,3,6,resnet50_layer3,600,117600,0.18147228316191458,True
ibkd_lambda_0.5,3,7,resnet50_layer3,600,117600,0.18560978042204354,True
ibkd_lambda_0.5,3,8,resnet50_layer3,600,117600,0.182116698154445,True
ibkd_lambda_0.5,3,9,resnet50_layer3,600,117600,0.19782368256239136,True
ibkd_lambda_0.5,3,10,resnet50_layer3,600,117600,0.20106760839357446,True
ibkd_lambda_0.5,3,11,resnet50_layer3,600,117600,0.20340724651812864,True
