variant,method,fusion_ratio_lambda,encoder_seed,probe_seed,selected_learning_rate,selected_epoch,validation_grid_mean_iou,validation_input_224_mean_iou,test_grid_mean_iou,test_input_224_mean_iou,test_input_224_foreground_iou,test_input_224_background_iou,test_input_224_foreground_dice,test_input_224_pixel_accuracy,official_test_evaluations,scientific_result
vanilla,vanilla,,1,1,0.01,70,0.5530827103421558,0.5836482229683166,0.5585698299698261,0.5887175741273927,0.4714725337171181,0.7059626145376673,0.6408173077157224,0.7670614303142995,1,True
vanilla,vanilla,,1,2,0.03,88,0.5553325308634477,0.5864955561746169,0.5607233243083649,0.5909878656687906,0.47825293889127274,0.7037227924463085,0.6470515651400965,0.7670005149871925,1,True
vanilla,vanilla,,1,3,0.01,68,0.5538492274053903,0.5859804116297693,0.5594664164664945,0.5904725606840754,0.48525986094984985,0.6956852604183009,0.6534342894576275,0.7635262604606483,1,True
vanilla,vanilla,,1,4,0.03,83,0.5551957147128893,0.5857582881779821,0.561161796598535,0.5916467702904904,0.48644989262243266,0.6968436479585481,0.6545123317466496,0.7644763190891735,1,True
vanilla,vanilla,,1,5,0.01,82,0.5544173981173383,0.5850369361415091,0.5609661869567872,0.5908656292060286,0.47533129959616216,0.7063999588158949,0.6443722840100703,0.7680868341918672,1,True
vanilla,vanilla,,2,1,0.01,78,0.5688325816853569,0.6033197536614796,0.5733568308603263,0.6077682052511281,0.49337292415225337,0.7221634863500027,0.6607497915262225,0.7813288700903546,1,True
vanilla,vanilla,,2,2,0.01,73,0.566991790142563,0.6016142780388398,0.5743339359729199,0.6093371839867485,0.49553437410870377,0.7231399938647932,0.6626853687719859,0.7823356389313968,1,True
vanilla,vanilla,,2,3,0.01,68,0.5683123465488857,0.6035201842989254,0.5726848199215969,0.6076143644876532,0.49898131957078634,0.7162474094045199,0.6657605575947578,0.7787674474709813,1,True
vanilla,vanilla,,2,4,0.01,82,0.5691626103602418,0.6052521830304002,0.5752677557821797,0.6110631978650864,0.5017986691333106,0.7203277265968622,0.6682635688083264,0.781794423962316,1,True
vanilla,vanilla,,2,5,0.01,57,0.5695200583451312,0.6046946990283283,0.5718596208421138,0.6069684051968264,0.49495662478564006,0.7189801856080127,0.6621685426580337,0.7796626847823499,1,True
vanilla,vanilla,,3,1,0.01,76,0.5657617715056531,0.5996909432572941,0.5702121578129692,0.6053004895153303,0.49002925857674023,0.7205717204539204,0.6577444781786511,0.7797178591061803,1,True
vanilla,vanilla,,3,2,0.01,82,0.566030797190496,0.6007881633873822,0.5699005222527362,0.6052388829709322,0.4897572575422761,0.7207205083995882,0.657499408125391,0.7797596439487983,1,True
vanilla,vanilla,,3,3,0.01,77,0.5669999132465219,0.6016581005221522,0.570281119864134,0.6052724353481992,0.4918395008894327,0.7187053698069658,0.6593732108530423,0.7789016271656843,1,True
vanilla,vanilla,,3,4,0.01,82,0.5675663142209735,0.6039642510825697,0.5723329764655556,0.6087976505384108,0.49850105125626937,0.7190942498205523,0.6653329349863994,0.7804096902561518,1,True
vanilla,vanilla,,3,5,0.1,94,0.5673293417065679,0.6025388997734151,0.5718225274872181,0.6081065042578266,0.5004159323749341,0.7157970761407191,0.6670362818433293,0.7787746562388496,1,True
kd,kd,,1,1,0.01,81,0.6560145219935827,0.7108904389218903,0.6639543465963615,0.7205247722218773,0.6423850873079906,0.7986644571357638,0.7822587921337188,0.8521396183508599,1,True
kd,kd,,1,2,0.03,90,0.6553364353076665,0.7111397199037148,0.6639087002806292,0.7204612460066808,0.6431266125138697,0.797795879499492,0.7828083455235755,0.8517994190067526,1,True
kd,kd,,1,3,0.01,84,0.6552240521284365,0.7114882310429715,0.6642801868808761,0.721306166052046,0.6448864195123961,0.7977259125916959,0.7841105767090761,0.8520663539832638,1,True
kd,kd,,1,4,0.03,90,0.6553177499211457,0.7098938135348909,0.6642974025969985,0.7203673893266119,0.6474770597689988,0.793257718884225,0.7860225499707837,0.8501566188426231,1,True
kd,kd,,1,5,0.01,73,0.6551821849681336,0.7098776229736969,0.6628546077795359,0.7189793390172088,0.6409595189288,0.7969991591056175,0.7812008907413038,0.8509973321056132,1,True
kd,kd,,2,1,0.01,65,0.6713067144550224,0.7255036541441043,0.679205799960032,0.7341913755241923,0.6591350827921748,0.8092476682562099,0.7945526432759289,0.8606488008750354,1,True
kd,kd,,2,2,0.03,81,0.6715831598522534,0.7245321306852377,0.6799075486673603,0.7340015248400248,0.6600760787907245,0.8079269708893251,0.7952359379475599,0.8601044026527894,1,True
kd,kd,,2,3,0.03,87,0.6716457954342507,0.7252749411750844,0.6808753968705354,0.7343195633857678,0.6621634331228803,0.8064756936486552,0.7967488875372557,0.8596948220144994,1,True
kd,kd,,2,4,0.03,77,0.6711781054039504,0.7242928864073371,0.6809559140467861,0.7344272405721342,0.6634078811838638,0.8054465999604044,0.797649077761625,0.8593714555149505,1,True
kd,kd,,2,5,0.01,66,0.6716482166686941,0.7246597371836596,0.6796547066855034,0.7337425330249423,0.6596002256686629,0.8078848403812218,0.7948904988885575,0.8600014981107795,1,True
kd,kd,,3,1,0.03,80,0.657855184708886,0.7125556829835684,0.6661256377891318,0.7207161135241111,0.6458844904815049,0.7955477365667173,0.7848478969414807,0.8510808832115506,1,True
kd,kd,,3,2,0.01,68,0.6587505037983754,0.7126407390122841,0.6678620746176331,0.7211190056225225,0.645940889236417,0.7962971220086281,0.7848895345641255,0.8514887793267649,1,True
kd,kd,,3,3,0.01,71,0.6587636094394337,0.7131405937231248,0.6668769272954052,0.7208332636419507,0.6451380671338127,0.7965284601500886,0.7842965645525218,0.85147094939318,1,True
kd,kd,,3,4,0.03,90,0.6584408079429127,0.7130420157531724,0.6686079383976984,0.7224431562611981,0.6492144017656291,0.7956719107567674,0.7873013976479807,0.8517383798176548,1,True
kd,kd,,3,5,0.01,71,0.6578578570347847,0.7118245483993162,0.6681743598315306,0.7219624201420156,0.6477184745333203,0.7962063657507108,0.7862004153552653,0.851754413752372,1,True
lg,lg,,1,1,0.1,77,0.7808531991283811,0.8313671775960423,0.7844136700839202,0.8384520093160283,0.7905854020920202,0.8863186165400363,0.883046852910053,0.9204564611632121,1,True
lg,lg,,1,2,0.03,73,0.7811818374230449,0.832283728969847,0.7852729665652505,0.8390992614068757,0.7917262564021573,0.886472266411594,0.8837580557556471,0.9206965614394027,1,True
lg,lg,,1,3,0.03,69,0.7814896388771421,0.8320985021822794,0.7852624759410176,0.8393744675155457,0.7924094374689403,0.886339497562151,0.8841835139943259,0.9207312118313469,1,True
lg,lg,,1,4,0.03,83,0.7809159854848459,0.8319117943285665,0.7859471812640233,0.8398916107180769,0.793217916429051,0.8865653050071028,0.8846865840027255,0.9209589506808492,1,True
lg,lg,,1,5,0.1,79,0.7823430449762983,0.833213738480479,0.7848758393661206,0.8385945185665422,0.7915857408335395,0.8856032962995448,0.883670507966035,0.9202529373329237,1,True
lg,lg,,2,1,0.1,74,0.7839889250551634,0.8342468979354888,0.7848350319362833,0.8377999688006282,0.7905752699250466,0.8850246676762099,0.8830405325079018,0.9198236316725886,1,True
lg,lg,,2,2,0.1,65,0.7851282684709842,0.8349687180012035,0.7847975627279729,0.8371080403980953,0.789983068156705,0.8842330126394856,0.8826709952851303,0.9193519899837762,1,True
lg,lg,,2,3,0.03,77,0.7836205808703602,0.8341362669383191,0.7856062659131754,0.8386213376510623,0.7905601762213484,0.8866824990807761,0.883031116987849,0.9206311623082264,1,True
lg,lg,,2,4,0.1,83,0.7841031224546753,0.8344785990744314,0.7854691935424182,0.8381512713509228,0.7912759778516097,0.8850265648502359,0.8834774625857897,0.9199274651795301,1,True
lg,lg,,2,5,0.03,56,0.7848832916858596,0.8348647185917584,0.7852275138364417,0.8380736061844205,0.7903369960253853,0.8858102163434557,0.8828918776520429,0.9201718510806045,1,True
lg,lg,,3,1,0.03,76,0.783970894559691,0.8351360068499081,0.7855215396741169,0.8390141672446598,0.7924470255189072,0.8855813089704124,0.8842069129373533,0.9203687111357844,1,True
lg,lg,,3,2,0.03,64,0.7837946020446421,0.8345625078161197,0.7845435366030291,0.8377557730540395,0.790706219482867,0.8848053266252118,0.8831222127672208,0.9197362841966313,1,True
lg,lg,,3,3,0.01,38,0.7836819578651468,0.8350367247919442,0.7847000680439356,0.8385371689241186,0.7917841963141998,0.8852901415340372,0.8837941510400016,0.9201300662379865,1,True
lg,lg,,3,4,0.03,83,0.7838498056438705,0.8349396924801974,0.7854608943551814,0.8392256900434748,0.7922711492391806,0.886180230847769,0.8840974197185507,0.9206335838101478,1,True
lg,lg,,3,5,0.1,79,0.783755792862453,0.8355569027423021,0.7840540739107904,0.8379116651254812,0.7896233675666346,0.8861999626843279,0.8824464207128586,0.9202597807079189,1,True
alg,alg,,1,1,0.01,16,0.7502367703079695,0.8027138138926107,0.7538259952143034,0.8085223332201732,0.7538947970093581,0.8631498694309883,0.8596807497175506,0.9035732543192921,1,True
alg,alg,,1,2,0.03,81,0.7504526385312349,0.8031448168826465,0.754289145318647,0.809792586942092,0.7546884713250808,0.8648967025591032,0.8601965347788099,0.9045636981499384,1,True
alg,alg,,1,3,0.01,36,0.7511814994974646,0.8033536973929782,0.7539608931170185,0.808994464453799,0.7546647863433704,0.8633241425642276,0.860181149376175,0.9037780291556883,1,True
alg,alg,,1,4,0.03,61,0.7507381731227645,0.8031171307644589,0.7535580197148827,0.8085817116640782,0.7547984315231464,0.86236499180501,0.8602679578052613,0.9033243908072479,1,True
alg,alg,,1,5,0.03,73,0.7505806134204789,0.8025050028311779,0.754055674783311,0.8093774809655975,0.7562931424381127,0.8624618194930822,0.8612379382045701,0.9036051549750391,1,True
alg,alg,,2,1,0.01,16,0.7664087821805865,0.817921099786571,0.7745618197861484,0.8296661689921963,0.7811421827838574,0.8781901552005351,0.8771250159972764,0.9151009411746273,1,True
alg,alg,,2,2,0.1,79,0.766148278075768,0.8169944139298605,0.7729912396696191,0.8286319538971654,0.7793330996489254,0.8779308081454053,0.8759833668048924,0.9147033689563515,1,True
alg,alg,,2,3,0.03,68,0.7660364070528238,0.8178630195491289,0.773636163224004,0.8294420811073073,0.7798888157765762,0.8789953464380386,0.8763343067991649,0.9153066573621539,1,True
alg,alg,,2,4,0.1,83,0.7669519677953749,0.818311234987577,0.7740060507641082,0.8295686383862559,0.7809551070882761,0.8781821696842357,0.8770070665790979,0.9150689228499889,1,True
alg,alg,,2,5,0.03,73,0.7660883767228133,0.8179903251407348,0.7744358422290305,0.830079431271808,0.7808403561741794,0.8793185063694366,0.8769347049745401,0.915605821228688,1,True
alg,alg,,3,1,0.03,73,0.763664673168996,0.8165575168337131,0.7696304837984016,0.8248261059145952,0.7741416928554167,0.8755105189737736,0.8726943242165328,0.9127427203443661,1,True
alg,alg,,3,2,0.03,73,0.7635884080682747,0.8171531118377624,0.7689627315164793,0.8244477905079111,0.7727360308689711,0.8761595501468511,0.8718004456537012,0.9128546048807136,1,True
alg,alg,,3,3,0.03,68,0.7632262027390977,0.8169318421980367,0.7682440692663368,0.8240923882465357,0.7726706522042656,0.8755141242888059,0.8717588360178148,0.9125258132259648,1,True
alg,alg,,3,4,0.03,61,0.763378628730317,0.8170763952372206,0.7688448422464648,0.8237453081663946,0.7730622415256297,0.8744283748071593,0.8720080135037438,0.9120498487536712,1,True
alg,alg,,3,5,0.03,56,0.7636656636029833,0.8162871853853655,0.7687227225910953,0.8238571769549226,0.7724586668189812,0.875255687090864,0.8716238988018911,0.9123668239744916,1,True
ibkd_lambda_0.25,ibkd,0.25,1,1,0.01,62,0.741491535116946,0.7950636894477929,0.7481307284262178,0.8053613835188108,0.7486416271643135,0.8620811398733081,0.856255067401488,0.9022389572158078,1,True
ibkd_lambda_0.25,ibkd,0.25,1,2,0.03,82,0.7410815348787654,0.7947416173361923,0.7489171515914862,0.8057194283225798,0.7487811172291404,0.8626577394160192,0.8563462972605149,0.9025499994472659,1,True
ibkd_lambda_0.25,ibkd,0.25,1,3,0.1,87,0.7426629317516813,0.796506605080441,0.7491581580518208,0.8059098353487182,0.7496722357798694,0.8621474349175668,0.8569287669421389,0.9024284536756308,1,True
ibkd_lambda_0.25,ibkd,0.25,1,4,0.01,66,0.7422011017991645,0.7953934696422222,0.7481762506967953,0.8054123201372645,0.7485263094414197,0.8622983308331093,0.8561796358449331,0.9023307327579386,1,True
ibkd_lambda_0.25,ibkd,0.25,1,5,0.01,73,0.7415505893180744,0.7952590817552094,0.749357100110781,0.8061387483376228,0.7498928676639313,0.8623846290113144,0.8570728888849314,0.9025807977312942,1,True
ibkd_lambda_0.25,ibkd,0.25,2,1,0.01,62,0.7376209648622902,0.7934529972110191,0.7428439118459921,0.7996844300790584,0.7412155999669062,0.8581532601912105,0.8513771642994629,0.8991333840981703,1,True
ibkd_lambda_0.25,ibkd,0.25,2,2,0.01,34,0.7384513971512158,0.7945126195142539,0.7422905973929512,0.7996757364174558,0.7419385359840931,0.8574129368508184,0.851853863563494,0.8988704312846653,1,True
ibkd_lambda_0.25,ibkd,0.25,2,3,0.1,87,0.7377816620628069,0.7930468832613307,0.7432319546212565,0.7999483669130734,0.7418979445219104,0.8579987893042365,0.8518271083045973,0.8991592898335595,1,True
ibkd_lambda_0.25,ibkd,0.25,2,4,0.01,69,0.7388182431183425,0.794896392112455,0.7437143304317787,0.8012867989129993,0.7444691366653661,0.8581044611606325,0.8535194128896467,0.8996070571236329,1,True
ibkd_lambda_0.25,ibkd,0.25,2,5,0.03,62,0.7378399682066198,0.7928109578181508,0.7419271047051644,0.798960648388877,0.7408721421936767,0.8570491545840774,0.8511505517689566,0.8985236239033453,1,True
ibkd_lambda_0.25,ibkd,0.25,3,1,0.03,76,0.7379160501268136,0.7921158336042018,0.7451522844861931,0.8028544428270499,0.7461905370151932,0.8595183486389064,0.8546496172069231,0.9005799249377756,1,True
ibkd_lambda_0.25,ibkd,0.25,3,2,0.1,88,0.7385409337177969,0.7922845756329571,0.7443347273107304,0.8018212152584852,0.7443104183285681,0.8593320121884022,0.8534150922996616,0.9001989068745789,1,True
ibkd_lambda_0.25,ibkd,0.25,3,3,0.01,49,0.7378038493399945,0.7920794729463224,0.7463756079387418,0.8036726309440163,0.7482556431974908,0.8590896186905417,0.8560025487221773,0.9006852014369106,1,True
ibkd_lambda_0.25,ibkd,0.25,3,4,0.01,66,0.738103103471362,0.7926422371565853,0.7455452828266222,0.8035873652298853,0.7463790824365294,0.860795648023241,0.8547732733894056,0.9012499377980565,1,True
ibkd_lambda_0.25,ibkd,0.25,3,5,0.01,73,0.7381869543124479,0.7927520215018795,0.746346211662059,0.8042624586944678,0.7479737406177833,0.8605511767711521,0.855818051767103,0.9013702635290815,1,True
ibkd_lambda_0.5,ibkd,0.5,1,1,0.01,73,0.721462663993462,0.7758870590015625,0.7263258816939103,0.7829706010950082,0.7202351828236125,0.8457060193664039,0.83736827384429,0.8895706686383018,1,True
ibkd_lambda_0.5,ibkd,0.5,1,2,0.03,82,0.7216952218068824,0.7756397315880108,0.7261413448385471,0.7822940946341941,0.7185153906131897,0.8460727986551984,0.8362047783078784,0.8894926231978584,1,True
ibkd_lambda_0.5,ibkd,0.5,1,3,0.03,84,0.7214400963878413,0.7762402266280928,0.7259409003933968,0.7824867482023414,0.7182854640434365,0.8466880323612462,0.8360490489783704,0.8897748613233409,1,True
ibkd_lambda_0.5,ibkd,0.5,1,4,0.01,61,0.7219111828229752,0.7768602113424359,0.726887116490675,0.7831520864516418,0.7217768753988121,0.8445272975044715,0.8384093034489479,0.8892118342576689,1,True
ibkd_lambda_0.5,ibkd,0.5,1,5,0.01,51,0.7222297675189411,0.7777160398515721,0.727104912870587,0.7832169146400525,0.7225443529223998,0.8438894763577053,0.8389268487589999,0.889010948687786,1,True
ibkd_lambda_0.5,ibkd,0.5,2,1,0.01,69,0.7298674106293401,0.7863736170809121,0.7380812221526949,0.7956604237221769,0.7363423170630866,0.8549785303812671,0.848153396743291,0.8967830099250303,1,True
ibkd_lambda_0.5,ibkd,0.5,2,2,0.03,81,0.7302854601405331,0.7857326838975156,0.7380250061715845,0.794773316877843,0.734885279946598,0.8546613538090879,0.8471860225469419,0.8963991925808401,1,True
ibkd_lambda_0.5,ibkd,0.5,2,3,0.01,62,0.7299262082563224,0.7860053843532928,0.7373058744081777,0.7939665008141243,0.7336126987854688,0.85432030284278,0.8463397843121728,0.8960316011574532,1,True
ibkd_lambda_0.5,ibkd,0.5,2,4,0.01,61,0.731174771690787,0.7874015167341866,0.7388419846534384,0.7956573709742083,0.7364873648150203,0.8548273771333963,0.8482496098017676,0.8967287336006337,1,True
ibkd_lambda_0.5,ibkd,0.5,2,5,0.01,35,0.7304830750723822,0.7869609829795847,0.7371338682413436,0.7941321542782791,0.7343474858203224,0.8539168227362359,0.8468285528986553,0.8959388161400968,1,True
ibkd_lambda_0.5,ibkd,0.5,3,1,0.1,81,0.754016630840977,0.807438337461486,0.757135906705471,0.8139860449623806,0.7593631017301943,0.8686089881945669,0.8632249942986991,0.9071193859591348,1,True
ibkd_lambda_0.5,ibkd,0.5,3,2,0.01,73,0.754118111227813,0.8074436620958347,0.7575107049866294,0.8143747110965104,0.7593730405483067,0.8693763816447141,0.8632314160181163,0.9075049869159935,1,True
ibkd_lambda_0.5,ibkd,0.5,3,3,0.01,68,0.7539371410383495,0.8070358518834253,0.7575273049039453,0.8141608495580268,0.7590056351190868,0.8693160639969667,0.8629939779217378,0.9074204758796268,1,True
ibkd_lambda_0.5,ibkd,0.5,3,4,0.1,90,0.7538148161075393,0.8073222275421348,0.7580608550750936,0.8144207695556576,0.7600837201817378,0.8687578189295775,0.8636904159345956,0.907301165816927,1,True
ibkd_lambda_0.5,ibkd,0.5,3,5,0.01,73,0.7538587526112156,0.8077135202471593,0.7583922393943543,0.8147369720248685,0.7609937780929531,0.868480165956784,0.8642776454520606,0.9072993202732631,1,True
