variant,method,fusion_ratio_lambda,controller_warmup_epochs,encoder_seed,probe_seed,selected_learning_rate,selected_epoch,validation_grid_mean_iou,validation_input_224_mean_iou,test_grid_mean_iou,test_input_224_mean_iou,test_input_224_foreground_iou,test_input_224_background_iou,test_input_224_foreground_dice,test_input_224_pixel_accuracy,encoder_checkpoint_path,encoder_checkpoint_sha256,probe_checkpoint_path,probe_checkpoint_sha256,official_test_evaluations,scientific_result
alg_warmup20,alg,,20,1,1,0.03,71,0.7941305570780351,0.7767218921582097,0.7947356559030117,0.7788640986256823,0.6347980892697344,0.9229301079816301,0.77660732959787,0.9320349601023314,/app/output/phase1_cub_b128_full_v2_guided/classification/students/cub_alg_warmup20_deit_tiny_b128_full_300ep_seed1/student_best_validation.pt,c094c459bf2caea9bf12376991a914e244ae3a4294be3a79b333f722209a7155,/app/output/phase1_cub_b128_full_v2_guided/probe/checkpoints/alg_warmup20/encoder_seed1/probe_seed1_best_validation.pt,d2438bfdc1f91889582613ac31808db051a9535e711c564d758c72aa3409e431,1,True
alg_warmup20,alg,,20,1,2,0.03,82,0.7944976809000044,0.776528109198514,0.7949031761729071,0.7783851889444278,0.6334019714591016,0.9233684064297538,0.7755616590731673,0.9323283251102478,/app/output/phase1_cub_b128_full_v2_guided/classification/students/cub_alg_warmup20_deit_tiny_b128_full_300ep_seed1/student_best_validation.pt,c094c459bf2caea9bf12376991a914e244ae3a4294be3a79b333f722209a7155,/app/output/phase1_cub_b128_full_v2_guided/probe/checkpoints/alg_warmup20/encoder_seed1/probe_seed2_best_validation.pt,068b5a5a31fc6c1fa9f0516840a76c757ed762aa07ee88b20dbc795b2313ccd8,1,True
alg_warmup20,alg,,20,1,3,0.03,78,0.7940804293986365,0.7774425371333454,0.7951617655083665,0.7788670056538685,0.6346118379839697,0.9231221733237673,0.7764679335329678,0.9321779500466264,/app/output/phase1_cub_b128_full_v2_guided/classification/students/cub_alg_warmup20_deit_tiny_b128_full_300ep_seed1/student_best_validation.pt,c094c459bf2caea9bf12376991a914e244ae3a4294be3a79b333f722209a7155,/app/output/phase1_cub_b128_full_v2_guided/probe/checkpoints/alg_warmup20/encoder_seed1/probe_seed3_best_validation.pt,f6a6e3284810a7809f081271691e08205945541144fee675da60bedeabdbc6de,1,True
alg_warmup20,alg,,20,1,4,0.03,55,0.794946097000161,0.7789066065119433,0.7948961615722333,0.7796759095895531,0.6368052252089121,0.9225465939701941,0.7781075174996879,0.9318073250642378,/app/output/phase1_cub_b128_full_v2_guided/classification/students/cub_alg_warmup20_deit_tiny_b128_full_300ep_seed1/student_best_validation.pt,c094c459bf2caea9bf12376991a914e244ae3a4294be3a79b333f722209a7155,/app/output/phase1_cub_b128_full_v2_guided/probe/checkpoints/alg_warmup20/encoder_seed1/probe_seed4_best_validation.pt,3c061bb3a98d53f92bd2409d06b8d80f79344fc67e00feeed2e1158f103f029e,1,True
alg_warmup20,alg,,20,1,5,0.1,72,0.7959953704961502,0.7780946786660115,0.7943386732217523,0.7786611682868995,0.6347282937115234,0.9225940428622755,0.7765550962238773,0.9317713075586638,/app/output/phase1_cub_b128_full_v2_guided/classification/students/cub_alg_warmup20_deit_tiny_b128_full_300ep_seed1/student_best_validation.pt,c094c459bf2caea9bf12376991a914e244ae3a4294be3a79b333f722209a7155,/app/output/phase1_cub_b128_full_v2_guided/probe/checkpoints/alg_warmup20/encoder_seed1/probe_seed5_best_validation.pt,b809d38dd0b0017c488e9820c0831c7abf4cd48bb252a81e9252f37ea7918f6f,1,True
alg_warmup20,alg,,20,2,1,0.03,62,0.7886168752796165,0.7735415069482787,0.7934408573003369,0.7786284532999135,0.6347056387731431,0.9225512678266837,0.7765381408355497,0.9317372851016269,/app/output/phase1_cub_b128_full_v2_guided/classification/students/cub_alg_warmup20_deit_tiny_b128_full_300ep_seed2/student_best_validation.pt,ab5d5721caa1476c6eb7f66661ddd53f2a5d831846925fbac2da7ce8fd517290,/app/output/phase1_cub_b128_full_v2_guided/probe/checkpoints/alg_warmup20/encoder_seed2/probe_seed1_best_validation.pt,2c1bfb331b5a35c45d39a9cd15a7f9147cba72017ec243a9ee3c304c322c5d01,1,True
alg_warmup20,alg,,20,2,2,0.03,61,0.7890151877476406,0.7733229113844732,0.7929379314503062,0.7777968916419735,0.6331223106184479,0.9224714726654991,0.7753519825207587,0.9316201069577167,/app/output/phase1_cub_b128_full_v2_guided/classification/students/cub_alg_warmup20_deit_tiny_b128_full_300ep_seed2/student_best_validation.pt,ab5d5721caa1476c6eb7f66661ddd53f2a5d831846925fbac2da7ce8fd517290,/app/output/phase1_cub_b128_full_v2_guided/probe/checkpoints/alg_warmup20/encoder_seed2/probe_seed2_best_validation.pt,fb44894d187575d319832f48fbcc3f6052ccbd7be86af5fc1dcd2e95e8230776,1,True
alg_warmup20,alg,,20,2,3,0.1,78,0.7891651456690503,0.7733203148167942,0.7924914217636846,0.7775218234959995,0.633037485156087,0.922006161835912,0.7752883701816322,0.931255412085118,/app/output/phase1_cub_b128_full_v2_guided/classification/students/cub_alg_warmup20_deit_tiny_b128_full_300ep_seed2/student_best_validation.pt,ab5d5721caa1476c6eb7f66661ddd53f2a5d831846925fbac2da7ce8fd517290,/app/output/phase1_cub_b128_full_v2_guided/probe/checkpoints/alg_warmup20/encoder_seed2/probe_seed3_best_validation.pt,291f8554289e8eaccde871f480f7a21429d523148d2ee83a85bf5ddb18b9c3f8,1,True
alg_warmup20,alg,,20,2,4,0.03,55,0.7881512530622259,0.7735285899316732,0.7928447624187952,0.7782590399994782,0.6342026872688554,0.922315392730101,0.776161601262277,0.931536473147142,/app/output/phase1_cub_b128_full_v2_guided/classification/students/cub_alg_warmup20_deit_tiny_b128_full_300ep_seed2/student_best_validation.pt,ab5d5721caa1476c6eb7f66661ddd53f2a5d831846925fbac2da7ce8fd517290,/app/output/phase1_cub_b128_full_v2_guided/probe/checkpoints/alg_warmup20/encoder_seed2/probe_seed4_best_validation.pt,2bf8476a0af9f51106b3c524a796a1bfe35f2f0a195595e64c83f4e6bd0c6af2,1,True
alg_warmup20,alg,,20,2,5,0.1,71,0.7887187007956904,0.7732245967363841,0.7922344056528489,0.7767184521044443,0.6311154141433963,0.9223214900654925,0.7738451965703919,0.9314338141409481,/app/output/phase1_cub_b128_full_v2_guided/classification/students/cub_alg_warmup20_deit_tiny_b128_full_300ep_seed2/student_best_validation.pt,ab5d5721caa1476c6eb7f66661ddd53f2a5d831846925fbac2da7ce8fd517290,/app/output/phase1_cub_b128_full_v2_guided/probe/checkpoints/alg_warmup20/encoder_seed2/probe_seed5_best_validation.pt,3c97d895a7be9c4e57b7ba4fd1a08f231f2e2b98d71dd17c2b070fcfea0b8240,1,True
alg_warmup20,alg,,20,3,1,0.03,63,0.7924457924444219,0.7771732223819063,0.7954202102152983,0.7800817442269362,0.6371782465195207,0.9229852419343517,0.7783859184228703,0.9321606103230471,/app/output/phase1_cub_b128_full_v2_guided/classification/students/cub_alg_warmup20_deit_tiny_b128_full_300ep_seed3/student_best_validation.pt,c0128186c7ea50de07161bb89a8200fcb41640fc56b9ee2f36cb1fe1364832af,/app/output/phase1_cub_b128_full_v2_guided/probe/checkpoints/alg_warmup20/encoder_seed3/probe_seed1_best_validation.pt,eae8291bc7dd67257465c33d5d2210d036aa642af3efa25be91ccd5ca618b2e2,1,True
alg_warmup20,alg,,20,3,2,0.03,61,0.7923659161029288,0.7768224962508333,0.7955378636804915,0.7797167520030197,0.6360520365044562,0.9233814675015831,0.7775449952844135,0.9324293192828348,/app/output/phase1_cub_b128_full_v2_guided/classification/students/cub_alg_warmup20_deit_tiny_b128_full_300ep_seed3/student_best_validation.pt,c0128186c7ea50de07161bb89a8200fcb41640fc56b9ee2f36cb1fe1364832af,/app/output/phase1_cub_b128_full_v2_guided/probe/checkpoints/alg_warmup20/encoder_seed3/probe_seed2_best_validation.pt,d4e436662077a02828309249e8190fd38cafa72b82d131aba1c05c0244486ae4,1,True
alg_warmup20,alg,,20,3,3,0.03,47,0.7921582341621602,0.7758363570682406,0.7942604212621708,0.7785251998234745,0.6339512054402491,0.9230991942066998,0.7759732399957908,0.9321373267307225,/app/output/phase1_cub_b128_full_v2_guided/classification/students/cub_alg_warmup20_deit_tiny_b128_full_300ep_seed3/student_best_validation.pt,c0128186c7ea50de07161bb89a8200fcb41640fc56b9ee2f36cb1fe1364832af,/app/output/phase1_cub_b128_full_v2_guided/probe/checkpoints/alg_warmup20/encoder_seed3/probe_seed3_best_validation.pt,088e8212d57ee7cca7c2ba9d8885eb3e57fd8cfa51ddd58e7ac1e178f7a38101,1,True
alg_warmup20,alg,,20,3,4,0.03,74,0.7920425843662965,0.7766673209615023,0.7954776249893849,0.7802342534757587,0.6372956497491565,0.9231728572023608,0.7784735149657229,0.9323103146375913,/app/output/phase1_cub_b128_full_v2_guided/classification/students/cub_alg_warmup20_deit_tiny_b128_full_300ep_seed3/student_best_validation.pt,c0128186c7ea50de07161bb89a8200fcb41640fc56b9ee2f36cb1fe1364832af,/app/output/phase1_cub_b128_full_v2_guided/probe/checkpoints/alg_warmup20/encoder_seed3/probe_seed4_best_validation.pt,682cfcee0fd8499235fa7947f6e49311ca82e3f70060a417fbbf9eae33fd68c3,1,True
alg_warmup20,alg,,20,3,5,0.03,47,0.7926442965433418,0.7776195088620028,0.7954093709443777,0.7804290757115919,0.6375495282105964,0.9233086232125876,0.7786628950481486,0.9324245483650399,/app/output/phase1_cub_b128_full_v2_guided/classification/students/cub_alg_warmup20_deit_tiny_b128_full_300ep_seed3/student_best_validation.pt,c0128186c7ea50de07161bb89a8200fcb41640fc56b9ee2f36cb1fe1364832af,/app/output/phase1_cub_b128_full_v2_guided/probe/checkpoints/alg_warmup20/encoder_seed3/probe_seed5_best_validation.pt,60cb9b92f8e554b390076b3675930af4a4b0f974410961eac0c25b01d3b3f20d,1,True
ibkd_lambda_0.25,ibkd,0.25,20,1,1,0.03,72,0.7853908938707244,0.7690479416328355,0.7898120724219397,0.7732497371012654,0.625299532714345,0.921199941488186,0.7694575924353566,0.9303579670185731,/app/output/phase1_cub_b128_full_v2_guided/classification/students/cub_ibkd_lambda_0.25_deit_tiny_b128_full_300ep_seed1/student_best_validation.pt,c194f0eb17fb8b89ddb6cd3fbafb949e273bb5168369819fd4dd554810dec394,/app/output/phase1_cub_b128_full_v2_guided/probe/checkpoints/ibkd_lambda_0.25/encoder_seed1/probe_seed1_best_validation.pt,54107fc70d8d751ecc38faa29139c5ea4ae0172789dc3130d528e47f30396e85,1,True
ibkd_lambda_0.25,ibkd,0.25,20,1,2,0.1,83,0.7854280327079722,0.7700448914309004,0.78974647684982,0.7744715343300662,0.627649473960709,0.9212935946994234,0.7712342049094784,0.9305125488828169,/app/output/phase1_cub_b128_full_v2_guided/classification/students/cub_ibkd_lambda_0.25_deit_tiny_b128_full_300ep_seed1/student_best_validation.pt,c194f0eb17fb8b89ddb6cd3fbafb949e273bb5168369819fd4dd554810dec394,/app/output/phase1_cub_b128_full_v2_guided/probe/checkpoints/ibkd_lambda_0.25/encoder_seed1/probe_seed2_best_validation.pt,d5ea14068c76ffed662ea1f51f92015b256661cb8e35ab8e73d5405e44db70f5,1,True
ibkd_lambda_0.25,ibkd,0.25,20,1,3,0.01,71,0.7862599732324703,0.7681410222410923,0.7887953452947958,0.772012720029765,0.6223590240463525,0.9216664160131774,0.7672272472638227,0.9306226893210253,/app/output/phase1_cub_b128_full_v2_guided/classification/students/cub_ibkd_lambda_0.25_deit_tiny_b128_full_300ep_seed1/student_best_validation.pt,c194f0eb17fb8b89ddb6cd3fbafb949e273bb5168369819fd4dd554810dec394,/app/output/phase1_cub_b128_full_v2_guided/probe/checkpoints/ibkd_lambda_0.25/encoder_seed1/probe_seed3_best_validation.pt,4900368c0c79cb4b735ae5e40625bd7b5b899efc871865a5c17056ac7f4b4a82,1,True
ibkd_lambda_0.25,ibkd,0.25,20,1,4,0.03,42,0.7861583546707638,0.7724014469697622,0.7872935671444536,0.7740686101158527,0.6300501651516005,0.9180870550801049,0.7730438959748255,0.9281152263260111,/app/output/phase1_cub_b128_full_v2_guided/classification/students/cub_ibkd_lambda_0.25_deit_tiny_b128_full_300ep_seed1/student_best_validation.pt,c194f0eb17fb8b89ddb6cd3fbafb949e273bb5168369819fd4dd554810dec394,/app/output/phase1_cub_b128_full_v2_guided/probe/checkpoints/ibkd_lambda_0.25/encoder_seed1/probe_seed4_best_validation.pt,efa3c8dca2f05c644e2cf5dcb4f5f72ca46883580333a1d63d0080a7d6fb0c74,1,True
ibkd_lambda_0.25,ibkd,0.25,20,1,5,0.03,86,0.7858486337897231,0.7681178591311797,0.7896295923751397,0.7725582248529069,0.6231835441743508,0.921932905531463,0.7678534524465496,0.9308595153413454,/app/output/phase1_cub_b128_full_v2_guided/classification/students/cub_ibkd_lambda_0.25_deit_tiny_b128_full_300ep_seed1/student_best_validation.pt,c194f0eb17fb8b89ddb6cd3fbafb949e273bb5168369819fd4dd554810dec394,/app/output/phase1_cub_b128_full_v2_guided/probe/checkpoints/ibkd_lambda_0.25/encoder_seed1/probe_seed5_best_validation.pt,51a1bd6acadaf80be9e3d55526fe625a0822981eb8fbbf736cc73e84ae587c81,1,True
ibkd_lambda_0.25,ibkd,0.25,20,2,1,0.1,92,0.7891395668347134,0.7720544754386556,0.7951427768958942,0.7776173791073406,0.6318458788685681,0.923388879346113,0.7743940614130241,0.9322914751878703,/app/output/phase1_cub_b128_full_v2_guided/classification/students/cub_ibkd_lambda_0.25_deit_tiny_b128_full_300ep_seed2/student_best_validation.pt,b897485b7d4162622f5fa4dc9a83c41d16120a1d939a92aa9a9d08f7ea843500,/app/output/phase1_cub_b128_full_v2_guided/probe/checkpoints/ibkd_lambda_0.25/encoder_seed2/probe_seed1_best_validation.pt,ede1cf37c4afd56e7953a26b6a8879d3256d44480bf16c1e5f7f2c235153c53a,1,True
ibkd_lambda_0.25,ibkd,0.25,20,2,2,0.1,83,0.789105225742128,0.775100502511389,0.7946859987068648,0.7796379917599862,0.6372625255068127,0.9220134580131596,0.7784488016783366,0.9314107300534772,/app/output/phase1_cub_b128_full_v2_guided/classification/students/cub_ibkd_lambda_0.25_deit_tiny_b128_full_300ep_seed2/student_best_validation.pt,b897485b7d4162622f5fa4dc9a83c41d16120a1d939a92aa9a9d08f7ea843500,/app/output/phase1_cub_b128_full_v2_guided/probe/checkpoints/ibkd_lambda_0.25/encoder_seed2/probe_seed2_best_validation.pt,abd0f14f52b973ca9cd1f7efa896aae7f83f8b21550a6198978f8edc90c85db9,1,True
ibkd_lambda_0.25,ibkd,0.25,20,2,3,0.03,78,0.7887319583601198,0.7727455347176186,0.7946583265813603,0.7775566782730027,0.6319954013359849,0.9231179552100205,0.7745063507147392,0.932085035820615,/app/output/phase1_cub_b128_full_v2_guided/classification/students/cub_ibkd_lambda_0.25_deit_tiny_b128_full_300ep_seed2/student_best_validation.pt,b897485b7d4162622f5fa4dc9a83c41d16120a1d939a92aa9a9d08f7ea843500,/app/output/phase1_cub_b128_full_v2_guided/probe/checkpoints/ibkd_lambda_0.25/encoder_seed2/probe_seed3_best_validation.pt,4fd9c692b811931bfbb8bfd7a2b69f2e584fce219ae19e935f210e080b6fce4e,1,True
ibkd_lambda_0.25,ibkd,0.25,20,2,4,0.03,74,0.7894866082617038,0.773729314851789,0.7940879615114433,0.778723887835417,0.6352938168760811,0.9221539587947528,0.7769781923222696,0.9314495750243919,/app/output/phase1_cub_b128_full_v2_guided/classification/students/cub_ibkd_lambda_0.25_deit_tiny_b128_full_300ep_seed2/student_best_validation.pt,b897485b7d4162622f5fa4dc9a83c41d16120a1d939a92aa9a9d08f7ea843500,/app/output/phase1_cub_b128_full_v2_guided/probe/checkpoints/ibkd_lambda_0.25/encoder_seed2/probe_seed4_best_validation.pt,7295fdc2da205179ebee15383d0828b30c9e87a0aff3e80eb3f7bc0d77d8fcd3,1,True
ibkd_lambda_0.25,ibkd,0.25,20,2,5,0.03,66,0.7894986055629011,0.7724278033511175,0.7939332320424284,0.7771333902055734,0.6313271749592904,0.9229396054518564,0.7740043623990326,0.9319230825960001,/app/output/phase1_cub_b128_full_v2_guided/classification/students/cub_ibkd_lambda_0.25_deit_tiny_b128_full_300ep_seed2/student_best_validation.pt,b897485b7d4162622f5fa4dc9a83c41d16120a1d939a92aa9a9d08f7ea843500,/app/output/phase1_cub_b128_full_v2_guided/probe/checkpoints/ibkd_lambda_0.25/encoder_seed2/probe_seed5_best_validation.pt,d8266d05f2e76a1324570a7e15341f15bdac78d577c825079939d8777db94e0f,1,True
ibkd_lambda_0.25,ibkd,0.25,20,3,1,0.1,79,0.7868733829891008,0.771139292585314,0.7913388466558549,0.7761571778868139,0.6315702705033385,0.9207440852702894,0.7741870294173716,0.9302240063887783,/app/output/phase1_cub_b128_full_v2_guided/classification/students/cub_ibkd_lambda_0.25_deit_tiny_b128_full_300ep_seed3/student_best_validation.pt,ea8f7433183f1bd98b6c102d3c6b4ac5346766f717963694787727cf3f727d18,/app/output/phase1_cub_b128_full_v2_guided/probe/checkpoints/ibkd_lambda_0.25/encoder_seed3/probe_seed1_best_validation.pt,24eae40eff6925fc1b79c29856ffba5a87111321db747cabe5d016b8688dd651,1,True
ibkd_lambda_0.25,ibkd,0.25,20,3,2,0.1,80,0.7876107926592966,0.7710027211170463,0.7909922004126104,0.7746877014224098,0.6276516855892925,0.921723717255527,0.7712358745379245,0.9308481022878171,/app/output/phase1_cub_b128_full_v2_guided/classification/students/cub_ibkd_lambda_0.25_deit_tiny_b128_full_300ep_seed3/student_best_validation.pt,ea8f7433183f1bd98b6c102d3c6b4ac5346766f717963694787727cf3f727d18,/app/output/phase1_cub_b128_full_v2_guided/probe/checkpoints/ibkd_lambda_0.25/encoder_seed3/probe_seed2_best_validation.pt,784a622e4e840606acd386fa9862fca0e38faf37e0d97d23760829bd897bdb37,1,True
ibkd_lambda_0.25,ibkd,0.25,20,3,3,0.03,81,0.7863660190326736,0.7696777909085922,0.7915446325695805,0.7747327863505427,0.6273153877801351,0.9221501849209502,0.7709819405516382,0.9311696731543627,/app/output/phase1_cub_b128_full_v2_guided/classification/students/cub_ibkd_lambda_0.25_deit_tiny_b128_full_300ep_seed3/student_best_validation.pt,ea8f7433183f1bd98b6c102d3c6b4ac5346766f717963694787727cf3f727d18,/app/output/phase1_cub_b128_full_v2_guided/probe/checkpoints/ibkd_lambda_0.25/encoder_seed3/probe_seed3_best_validation.pt,bfae62de584a28288d896bbf643e0e8dd6beca6583a68e980921bc43d788a8e3,1,True
ibkd_lambda_0.25,ibkd,0.25,20,3,4,0.03,60,0.7865735149858826,0.7688301711996238,0.7907865624265329,0.7741894659015944,0.6268445610900504,0.9215343707131385,0.7706262492220396,0.9306724589025505,/app/output/phase1_cub_b128_full_v2_guided/classification/students/cub_ibkd_lambda_0.25_deit_tiny_b128_full_300ep_seed3/student_best_validation.pt,ea8f7433183f1bd98b6c102d3c6b4ac5346766f717963694787727cf3f727d18,/app/output/phase1_cub_b128_full_v2_guided/probe/checkpoints/ibkd_lambda_0.25/encoder_seed3/probe_seed4_best_validation.pt,7422ce0660d73dfed6009b557158dab0d52d4ce50d580ea870efe1a0039631d0,1,True
ibkd_lambda_0.25,ibkd,0.25,20,3,5,0.1,84,0.7873268251121608,0.7700056905018031,0.7926103650479261,0.7751636051434816,0.6283224580257084,0.9220047522612548,0.7717420525999873,0.9310905522811688,/app/output/phase1_cub_b128_full_v2_guided/classification/students/cub_ibkd_lambda_0.25_deit_tiny_b128_full_300ep_seed3/student_best_validation.pt,ea8f7433183f1bd98b6c102d3c6b4ac5346766f717963694787727cf3f727d18,/app/output/phase1_cub_b128_full_v2_guided/probe/checkpoints/ibkd_lambda_0.25/encoder_seed3/probe_seed5_best_validation.pt,596f02347a26a083ac32f937f0d11065d7d2ec77b6c6f1997052fc2d0a213a03,1,True
ibkd_lambda_0.5,ibkd,0.5,20,1,1,0.03,77,0.7859451772777875,0.770754247613676,0.7910590858469526,0.7755070920794586,0.6285513794701704,0.9224628046887468,0.7719147057855331,0.9314561380461315,/app/output/phase1_cub_b128_full_v2_guided/classification/students/cub_ibkd_lambda_0.5_deit_tiny_b128_full_300ep_seed1/student_best_validation.pt,50770bc7977ee62c1369dd2c0a51217ecf2b63557258dec83dcfbc8d386bb62f,/app/output/phase1_cub_b128_full_v2_guided/probe/checkpoints/ibkd_lambda_0.5/encoder_seed1/probe_seed1_best_validation.pt,789a74baf6b736790efa82f47b4557e777e30863671e8412cb0627ebbbf1890e,1,True
ibkd_lambda_0.5,ibkd,0.5,20,1,2,0.1,83,0.7867360917959839,0.7720484208666732,0.7913962044919054,0.7769141464723555,0.6315036071894018,0.9223246857553091,0.7741369426418808,0.9314497263729016,/app/output/phase1_cub_b128_full_v2_guided/classification/students/cub_ibkd_lambda_0.5_deit_tiny_b128_full_300ep_seed1/student_best_validation.pt,50770bc7977ee62c1369dd2c0a51217ecf2b63557258dec83dcfbc8d386bb62f,/app/output/phase1_cub_b128_full_v2_guided/probe/checkpoints/ibkd_lambda_0.5/encoder_seed1/probe_seed2_best_validation.pt,b3b613e2b3e74055ce08c9290594482caa21d8d2d24823c8cc26237365b61228,1,True
ibkd_lambda_0.5,ibkd,0.5,20,1,3,0.1,78,0.7864775787621099,0.7741330450944193,0.7915629405735309,0.7771356046082389,0.6323146898012221,0.9219565194152557,0.7747460630624151,0.9311914948576729,/app/output/phase1_cub_b128_full_v2_guided/classification/students/cub_ibkd_lambda_0.5_deit_tiny_b128_full_300ep_seed1/student_best_validation.pt,50770bc7977ee62c1369dd2c0a51217ecf2b63557258dec83dcfbc8d386bb62f,/app/output/phase1_cub_b128_full_v2_guided/probe/checkpoints/ibkd_lambda_0.5/encoder_seed1/probe_seed3_best_validation.pt,fcaa6bad97ca844be81b7a13e80951ddd41cf3bd4be6ed43186e5e7109b7fcdb,1,True
ibkd_lambda_0.5,ibkd,0.5,20,1,4,0.1,81,0.7864510832356091,0.7717141092219986,0.7907770699612611,0.7760166437717917,0.6301294977595027,0.9219037897840806,0.7731036075668478,0.9310742582382021,/app/output/phase1_cub_b128_full_v2_guided/classification/students/cub_ibkd_lambda_0.5_deit_tiny_b128_full_300ep_seed1/student_best_validation.pt,50770bc7977ee62c1369dd2c0a51217ecf2b63557258dec83dcfbc8d386bb62f,/app/output/phase1_cub_b128_full_v2_guided/probe/checkpoints/ibkd_lambda_0.5/encoder_seed1/probe_seed4_best_validation.pt,b66d9a419bd7046101169df128d59a7b3ead10d64788d88eb6a60baf58fd654d,1,True
ibkd_lambda_0.5,ibkd,0.5,20,1,5,0.1,84,0.7866612045946255,0.7723954381209079,0.7925537656681616,0.7774027657069096,0.6323327647666299,0.9224727666471892,0.7747596304078755,0.9315937344798982,/app/output/phase1_cub_b128_full_v2_guided/classification/students/cub_ibkd_lambda_0.5_deit_tiny_b128_full_300ep_seed1/student_best_validation.pt,50770bc7977ee62c1369dd2c0a51217ecf2b63557258dec83dcfbc8d386bb62f,/app/output/phase1_cub_b128_full_v2_guided/probe/checkpoints/ibkd_lambda_0.5/encoder_seed1/probe_seed5_best_validation.pt,31cae48589e291eb34223c8c63ef19cc0c0e4f10a1a98c2395174553b2496b63,1,True
ibkd_lambda_0.5,ibkd,0.5,20,2,1,0.03,62,0.7886093160275205,0.772322697824586,0.7938341635603172,0.7779952124205078,0.6330845968394526,0.9229058280015632,0.7753237010068875,0.9319569261866163,/app/output/phase1_cub_b128_full_v2_guided/classification/students/cub_ibkd_lambda_0.5_deit_tiny_b128_full_300ep_seed2/student_best_validation.pt,128ff5114757b0cdb76c473fe8e25485704b4aed9fc38a4b2f01f0177f818147,/app/output/phase1_cub_b128_full_v2_guided/probe/checkpoints/ibkd_lambda_0.5/encoder_seed2/probe_seed1_best_validation.pt,6efb2cd932599b1f805670564445f65ff66ed43a0ab1d2d199c1ee17e202959e,1,True
ibkd_lambda_0.5,ibkd,0.5,20,2,2,0.1,80,0.7896658800184979,0.7727406898654092,0.7939406815570877,0.7771195788698966,0.6308746712931068,0.9233644864466864,0.7736641967624546,0.9322396245643364,/app/output/phase1_cub_b128_full_v2_guided/classification/students/cub_ibkd_lambda_0.5_deit_tiny_b128_full_300ep_seed2/student_best_validation.pt,128ff5114757b0cdb76c473fe8e25485704b4aed9fc38a4b2f01f0177f818147,/app/output/phase1_cub_b128_full_v2_guided/probe/checkpoints/ibkd_lambda_0.5/encoder_seed2/probe_seed2_best_validation.pt,b41cb64196e03c2b4121e06b11fdbccf78a5e487dc5b95fb54fcd2b506daf8dd,1,True
ibkd_lambda_0.5,ibkd,0.5,20,2,3,0.03,78,0.7880164831007723,0.7716996644101247,0.7940051911530412,0.7773884309639635,0.6312608373436565,0.9235160245842705,0.7739545054874253,0.9323711017026762,/app/output/phase1_cub_b128_full_v2_guided/classification/students/cub_ibkd_lambda_0.5_deit_tiny_b128_full_300ep_seed2/student_best_validation.pt,128ff5114757b0cdb76c473fe8e25485704b4aed9fc38a4b2f01f0177f818147,/app/output/phase1_cub_b128_full_v2_guided/probe/checkpoints/ibkd_lambda_0.5/encoder_seed2/probe_seed3_best_validation.pt,c7141e05c42d4e2eebc615b138549da6519f16ef10ee9be0bed9c59257addb0b,1,True
ibkd_lambda_0.5,ibkd,0.5,20,2,4,0.03,72,0.7891729621130887,0.7729328115925055,0.7942339842397247,0.7786105856449124,0.6342446198856873,0.9229765514041376,0.7761930033828738,0.9320519558520249,/app/output/phase1_cub_b128_full_v2_guided/classification/students/cub_ibkd_lambda_0.5_deit_tiny_b128_full_300ep_seed2/student_best_validation.pt,128ff5114757b0cdb76c473fe8e25485704b4aed9fc38a4b2f01f0177f818147,/app/output/phase1_cub_b128_full_v2_guided/probe/checkpoints/ibkd_lambda_0.5/encoder_seed2/probe_seed4_best_validation.pt,3c103d084fdafd2b7d942557bd6ae357faddafea41dd628e9a31c6dc28b2a729,1,True
ibkd_lambda_0.5,ibkd,0.5,20,2,5,0.1,73,0.788921989305168,0.7749322852419758,0.79261070022693,0.7792978323203087,0.6380320994335823,0.9205635652070351,0.779022706153571,0.9303201814872264,/app/output/phase1_cub_b128_full_v2_guided/classification/students/cub_ibkd_lambda_0.5_deit_tiny_b128_full_300ep_seed2/student_best_validation.pt,128ff5114757b0cdb76c473fe8e25485704b4aed9fc38a4b2f01f0177f818147,/app/output/phase1_cub_b128_full_v2_guided/probe/checkpoints/ibkd_lambda_0.5/encoder_seed2/probe_seed5_best_validation.pt,0c5368e46980fed5878c08751becf496317d3c83bf61453123d5407f5d36cdf4,1,True
ibkd_lambda_0.5,ibkd,0.5,20,3,1,0.03,83,0.7834195180032004,0.7664318640870682,0.7873440049159661,0.7710289696821763,0.6212779810299299,0.9207799583344226,0.766405253509035,0.9298911153416536,/app/output/phase1_cub_b128_full_v2_guided/classification/students/cub_ibkd_lambda_0.5_deit_tiny_b128_full_300ep_seed3/student_best_validation.pt,b9ed9caac3bd37ad6f3efa2de9a2329fe323a8de40978f7cd3d8e529f68b6f3f,/app/output/phase1_cub_b128_full_v2_guided/probe/checkpoints/ibkd_lambda_0.5/encoder_seed3/probe_seed1_best_validation.pt,31062020d5f8921bd09ed6b0d945d69286149be5e0616e81fc8fd5c87215685a,1,True
ibkd_lambda_0.5,ibkd,0.5,20,3,2,0.01,44,0.7838074021590831,0.7688281225114142,0.786717002327476,0.771754992473134,0.6242449936470782,0.9192649912991896,0.7686586642885678,0.9288130014313717,/app/output/phase1_cub_b128_full_v2_guided/classification/students/cub_ibkd_lambda_0.5_deit_tiny_b128_full_300ep_seed3/student_best_validation.pt,b9ed9caac3bd37ad6f3efa2de9a2329fe323a8de40978f7cd3d8e529f68b6f3f,/app/output/phase1_cub_b128_full_v2_guided/probe/checkpoints/ibkd_lambda_0.5/encoder_seed3/probe_seed2_best_validation.pt,e3bc1926fb7ac03212b49ee2b8c5e995f31fc597f6a017084e237f3f12727f40,1,True
ibkd_lambda_0.5,ibkd,0.5,20,3,3,0.1,89,0.7837073932044747,0.7668757027658852,0.7881328491204151,0.771708722070501,0.6224020569685565,0.9210153871724454,0.767259945579099,0.9301139794619522,/app/output/phase1_cub_b128_full_v2_guided/classification/students/cub_ibkd_lambda_0.5_deit_tiny_b128_full_300ep_seed3/student_best_validation.pt,b9ed9caac3bd37ad6f3efa2de9a2329fe323a8de40978f7cd3d8e529f68b6f3f,/app/output/phase1_cub_b128_full_v2_guided/probe/checkpoints/ibkd_lambda_0.5/encoder_seed3/probe_seed3_best_validation.pt,9b76bdeda6009b2c3e9cd9d04eb7121039c376907030d203dcac29977f6aac6f,1,True
ibkd_lambda_0.5,ibkd,0.5,20,3,4,0.03,83,0.7832688690433107,0.7668585189103942,0.7874566347636651,0.7711765153380672,0.6215066789494075,0.920846351726727,0.7665792401818396,0.9299509495990751,/app/output/phase1_cub_b128_full_v2_guided/classification/students/cub_ibkd_lambda_0.5_deit_tiny_b128_full_300ep_seed3/student_best_validation.pt,b9ed9caac3bd37ad6f3efa2de9a2329fe323a8de40978f7cd3d8e529f68b6f3f,/app/output/phase1_cub_b128_full_v2_guided/probe/checkpoints/ibkd_lambda_0.5/encoder_seed3/probe_seed4_best_validation.pt,17a475c6856229b2d9c453c4fec823d83e0971ba60f0f2307cb7b19a8c8aab93,1,True
ibkd_lambda_0.5,ibkd,0.5,20,3,5,0.03,65,0.782990428288684,0.7673614077545259,0.7866766898229827,0.7717035814476532,0.6239649059378882,0.9194422569574182,0.7684462929665711,0.9289408462054782,/app/output/phase1_cub_b128_full_v2_guided/classification/students/cub_ibkd_lambda_0.5_deit_tiny_b128_full_300ep_seed3/student_best_validation.pt,b9ed9caac3bd37ad6f3efa2de9a2329fe323a8de40978f7cd3d8e529f68b6f3f,/app/output/phase1_cub_b128_full_v2_guided/probe/checkpoints/ibkd_lambda_0.5/encoder_seed3/probe_seed5_best_validation.pt,48891d04257e85790f95115342bee37c6cd56169c48fcd1d8a4fddec49faba66,1,True
